INSERT INTO "bootcamps" ("id", "title", "description", "duration", "audience", "prerequisites", "price", "next_session", "benefits", "featured", "published", "created_at", "created_by", "updated_at", "updated_by", "is_deleted", "deleted_at", "deleted_by", "display_order", "tag", "icon_name", "category") VALUES
                                                                                                                                                                                                                                                                                                                     ('7d7f77b1-1a76-4f32-8002-6d33266546e8',	'Bootcamp Power BI & Excel',	'Le bootcamp Power BI & Excel de Model Technologie est le programme le plus complet de Dakar pour maîtriser les outils de reporting et de business intelligence. Du débutant à l''expert, vous apprendrez à transformer des données brutes en décisions.',	'6 semaines',	'Contrôleurs de gestion,
Responsables financiers,
Managers & chefs de projet,
Commerciaux & marketing',	'Notions de base Excel (tableaux, formules simples)',	'150000',	NULL,	'{"Tableaux de bord interactifs","automatisation des taches","gain de temps"}',	'0',	'1',	'2026-02-27 22:29:57.767713+00',	'admin@model-technologie.com',	'2026-03-03 14:34:49.286886+00',	'admin@model-technologie.com',	'0',	NULL,	NULL,	1,	'Nouveau, Place limitées',	'BarChart3',	'bi'),




                                                                                                                                                                                                                                                                                                                     ('74304398-9193-457b-99f6-1ebb09cd5af6',	'Bootcamp Data Analyst Python & SQL',	'Le programme le plus complet de Dakar pour devenir Data Analyst. SQL, Python, visualisation, et projets réels — tout ce qu''il vous faut pour décrocher votre premier poste ou booster votre carrière dans la data.',	'10 semaines',	'En reconversion professionnelle, Jeunes diplômés (toute filière), Professionnels voulant évoluer, ',	'Aucun pré-requis technique · Curiosité et motivation',	'100 000 CFA',	NULL,	'{"Maîtriser SQL pour interroger n''importe quelle base de données","Analyser et manipuler des données avec Python & Pandas","Nettoyer et préparer des données réelles (data wrangling)","Être accompagné dans votre recherche d''emploi","Construire un portfolio de 3 projets complets","Créer des visualisations percutantes"}',	'1',	'1',	'2026-03-03 14:43:10.342028+00',	'admin@model-technologie.com',	'2026-03-03 14:54:25.90244+00',	'admin@model-technologie.com',	'0',	NULL,	NULL,	0,	'Bestseller, Place limitées',	'BarChart3',	'data');
-- 2026-03-23 08:53:27 UTC

INSERT INTO "bootcamp_sessions" ("id", "bootcamp_id", "session_name", "cohort_number", "year", "start_date", "end_date", "registration_deadline", "max_participants", "current_participants", "is_full", "status", "format", "location", "price_override", "early_bird_price", "early_bird_deadline", "is_featured", "published", "created_at", "updated_at", "created_by", "updated_by", "is_deleted", "deleted_at", "deleted_by") VALUES
                                                                                                                                                                                                                                                                                                                                                                                                                                        ('999811d6-dff2-4227-84a9-787eff4f7c52',	'74304398-9193-457b-99f6-1ebb09cd5af6',	'cohorte 5',	5,	2026,	'2026-04-04',	'2026-06-06',	'2026-03-24',	20,	2,	'0',	'UPCOMING',	'HYBRID',	'Dakar, Sénégal',	'100000',	'90000',	NULL,	'1',	'1',	'2026-03-04 17:28:59.876645',	'2026-03-16 06:32:02.437747',	'admin@model-technologie.com',	'admin@model-technologie.com',	'0',	NULL,	NULL),
                                                                                                                                                                                                                                                                                                                                                                                                                                        ('b9fe3424-7a80-48d3-a857-2281ce67a894',	'7d7f77b1-1a76-4f32-8002-6d33266546e8',	'cohorte 1',	1,	2026,	'2026-04-04',	'2026-05-23',	'2026-03-02',	20,	3,	'0',	'OPEN',	'HYBRID',	'Dakar, Sénégal',	'150000',	'140000',	NULL,	'1',	'1',	'2026-03-04 17:29:43.284623',	'2026-03-21 11:15:26.551861',	'admin@model-technologie.com',	'admin@model-technologie.com',	'0',	NULL,	NULL);
-- 2026-03-23 08:54:17 UTC

INSERT INTO "promo_codes" ("id", "code", "description", "referrer_name", "referrer_email", "referrer_phone", "discount_percent", "max_uses", "usage_count", "expires_at", "is_active", "created_at", "updated_at", "created_by", "updated_by", "is_deleted", "deleted_at", "deleted_by") VALUES
    ('2b5b309c-fca6-4716-a3ac-707b067e8c37',	'BALY_20',	'baly',	'baly mohamed',	'baly@test.co',	'+221 78 676 87 67',	10,	5,	2,	'2026-03-20 00:00:00',	'1',	'2026-03-15 00:23:55.411443',	'2026-03-16 06:29:39.088613',	'admin@model-technologie.com',	'system',	'0',	NULL,	NULL);
-- 2026-03-23 08:54:32 UTC


INSERT INTO "registrations" ("id", "bootcamp_id", "bootcamp_title", "first_name", "last_name", "email", "phone", "company", "position", "message", "status", "created_at", "created_by", "updated_at", "updated_by", "is_deleted", "deleted_at", "deleted_by", "bootcamp_session_id", "session_name", "promo_code_id", "promo_code_used", "discount_percent", "country", "profile", "school") VALUES
                                                                                                                                                                                                                                                                                                                                                                                                  ('99a71f10-14ed-47d6-b810-9a0d27514117',	'7d7f77b1-1a76-4f32-8002-6d33266546e8',	'Bootcamp Power BI & Excel',	'Amadou',	'diallo',	'dplion@gmail.com',	'+221 78 767 67 67',	'CBAO',	'Comptable',	'test',	'CONFIRMED',	'2026-03-15 00:29:19.475585+00',	'system',	'2026-03-16 06:29:12.470748+00',	'admin@model-technologie.com',	'0',	NULL,	NULL,	'b9fe3424-7a80-48d3-a857-2281ce67a894',	'cohorte 1',	'2b5b309c-fca6-4716-a3ac-707b067e8c37',	'BALY_20',	10,	'Côte d''Ivoire',	'PROFESSIONAL',	NULL),
                                                                                                                                                                                                                                                                                                                                                                                                  ('abc4e731-6c8e-4113-867b-6a10b4c6af1f',	'7d7f77b1-1a76-4f32-8002-6d33266546e8',	'Bootcamp Power BI & Excel',	'awa',	'gueye',	'lionnel.do@cesag.edu.sn',	'789876756',	NULL,	NULL,	'je veux tester',	'CONFIRMED',	'2026-03-15 01:03:52.597053+00',	'system',	'2026-03-16 06:29:23.445187+00',	'admin@model-technologie.com',	'0',	NULL,	NULL,	'b9fe3424-7a80-48d3-a857-2281ce67a894',	'cohorte 1',	NULL,	NULL,	NULL,	'Sénégal',	'STUDENT',	'ISM'),
                                                                                                                                                                                                                                                                                                                                                                                                  ('768c1d48-e5f1-4040-aa2b-a4d8a7753acd',	'74304398-9193-457b-99f6-1ebb09cd5af6',	'Bootcamp Data Analyst Python & SQL',	'Model',	'Technologie',	'payn@gmail.com',	'+221 78 767 67 67',	'AFRO GROUP',	'Agriculture',	'test',	'CONFIRMED',	'2026-03-15 01:16:18.528239+00',	'system',	'2026-03-16 06:29:33.250491+00',	'admin@model-technologie.com',	'0',	NULL,	NULL,	'999811d6-dff2-4227-84a9-787eff4f7c52',	'cohorte 5',	NULL,	NULL,	NULL,	'Burkina Faso',	'ENTREPRENEUR',	NULL),
                                                                                                                                                                                                                                                                                                                                                                                                  ('20d8af89-627d-456d-981f-6e900c93a18a',	'74304398-9193-457b-99f6-1ebb09cd5af6',	'Bootcamp Data Analyst Python & SQL',	'marie',	'ngombe',	'dplionnel@gmail.com',	'+221 78 767 67 67',	'Wave',	'Analyste',	'test',	'CONFIRMED',	'2026-03-16 06:29:39.072703+00',	'system',	'2026-03-16 06:31:16.767129+00',	'admin@model-technologie.com',	'0',	NULL,	NULL,	'999811d6-dff2-4227-84a9-787eff4f7c52',	'cohorte 5',	'2b5b309c-fca6-4716-a3ac-707b067e8c37',	'BALY_20',	10,	'Burkina Faso',	'PROFESSIONAL',	NULL),
                                                                                                                                                                                                                                                                                                                                                                                                  ('730c0739-2ef3-4ef1-b74d-7fd611cf14e5',	'7d7f77b1-1a76-4f32-8002-6d33266546e8',	'Bootcamp Power BI & Excel',	'masala',	'junior',	'masaju@test.co',	'778767676',	NULL,	NULL,	NULL,	'PENDING',	'2026-03-21 08:12:34.544785+00',	'system',	'2026-03-21 08:12:34.544785+00',	'system',	'0',	NULL,	NULL,	'b9fe3424-7a80-48d3-a857-2281ce67a894',	'cohorte 1',	NULL,	NULL,	NULL,	'Sénégal',	'STUDENT',	'UGB'),
                                                                                                                                                                                                                                                                                                                                                                                                  ('4beef38e-2ce9-41f2-b648-11d02857ce31',	'7d7f77b1-1a76-4f32-8002-6d33266546e8',	'Bootcamp Power BI & Excel',	'adji',	'sarr',	'dplionnel@gmail.com',	'+221786310432',	NULL,	NULL,	NULL,	'PENDING',	'2026-03-21 08:31:24.640058+00',	'system',	'2026-03-21 08:31:24.640058+00',	'system',	'0',	NULL,	NULL,	'b9fe3424-7a80-48d3-a857-2281ce67a894',	'cohorte 1',	NULL,	NULL,	NULL,	'Côte d''Ivoire',	'STUDENT',	'CESAG'),
                                                                                                                                                                                                                                                                                                                                                                                                  ('d8f4bd2d-1fcd-486c-a76d-23751ce67d92',	'7d7f77b1-1a76-4f32-8002-6d33266546e8',	'Bootcamp Power BI & Excel',	'anna',	'sadio',	'dplionnel@gmail.com',	'+221786310432',	'orange',	'comptable',	NULL,	'PENDING',	'2026-03-21 09:03:14.34577+00',	'system',	'2026-03-21 09:03:14.34577+00',	'system',	'0',	NULL,	NULL,	'b9fe3424-7a80-48d3-a857-2281ce67a894',	'cohorte 1',	NULL,	NULL,	NULL,	'Mali',	'PROFESSIONAL',	NULL),
                                                                                                                                                                                                                                                                                                                                                                                                  ('db2982bf-0d16-4f03-8b16-dea37a3c1b2a',	'7d7f77b1-1a76-4f32-8002-6d33266546e8',	'Bootcamp Power BI & Excel',	'moussa',	'keita',	'dplionnel@gmail.com',	'+221786310432',	NULL,	NULL,	NULL,	'CONFIRMED',	'2026-03-21 11:12:31.90664+00',	'system',	'2026-03-21 11:15:26.551861+00',	'admin@model-technologie.com',	'0',	NULL,	NULL,	'b9fe3424-7a80-48d3-a857-2281ce67a894',	'cohorte 1',	NULL,	NULL,	NULL,	'Sénégal',	'STUDENT',	'ESMT');
-- 2026-03-23 08:54:57 UTC


